{
    "currentIndex": 0,
    "playerPosition": {
        "x": 0.0,
        "y": 0.9330000281333923,
        "z": 0.0
    },
    "npcAPosition": {
        "x": -8.010000228881836,
        "y": -0.029999971389770509,
        "z": 12.559999465942383
    },
    "npcBPosition": {
        "x": 1.2800006866455079,
        "y": 0.009999990463256836,
        "z": 2.75
    },
    "npcCPosition": {
        "x": 6.759000778198242,
        "y": -0.04000002145767212,
        "z": 8.208000183105469
    },
    "npcDPosition": {
        "x": -5.423381805419922,
        "y": -0.009999990463256836,
        "z": -6.006656646728516
    }
}