{
    "currentIndex": 0,
    "playerPosition": {
        "x": 0.0,
        "y": 0.5,
        "z": 0.0
    },
    "npcAPosition": {
        "x": -16.600000381469728,
        "y": 0.5,
        "z": 17.489999771118165
    },
    "npcBPosition": {
        "x": -4.399999618530273,
        "y": 0.5,
        "z": 17.489999771118165
    },
    "npcCPosition": {
        "x": 6.379999160766602,
        "y": 0.5,
        "z": 17.489999771118165
    },
    "npcDPosition": {
        "x": 16.0,
        "y": 0.5,
        "z": 17.489999771118165
    }
}