{
    "currentIndex": 0,
    "playerPosition": {
        "x": 0.0,
        "y": 0.5,
        "z": 0.0
    },
    "npcAPosition": {
        "x": -9.100000381469727,
        "y": 0.5,
        "z": 8.789999961853028
    },
    "npcBPosition": {
        "x": -3.8999996185302736,
        "y": 0.5,
        "z": 10.1899995803833
    },
    "npcCPosition": {
        "x": 4.899999618530273,
        "y": 0.5,
        "z": 9.789999961853028
    },
    "npcDPosition": {
        "x": 7.100000381469727,
        "y": 0.5,
        "z": 6.8899993896484379
    }
}