{"cameraMode":{"drawMode":0,"name":"Shaded","section":"Shading Mode"},"sceneLighting":true,"audioPlay":false,"sceneViewState":{"m_AlwaysRefresh":false,"showFog":true,"showSkybox":true,"showFlares":true,"showImageEffects":true,"showParticleSystems":true,"showVisualEffectGraphs":true,"m_FxEnabled":true},"in2DMode":false,"pivot":{"x":0.19289663434028626,"y":-38.876075744628909,"z":44.32869338989258},"rotation":{"x":-0.36654847860336306,"y":0.007533519063144922,"z":-0.002968012122437358,"w":-0.9303634762763977},"size":44.121463775634769,"orthographic":false}