{"cameraMode":{"drawMode":0,"name":"Shaded","section":"Shading Mode"},"sceneLighting":true,"audioPlay":false,"sceneViewState":{"m_AlwaysRefresh":false,"showFog":true,"showSkybox":true,"showFlares":true,"showImageEffects":true,"showParticleSystems":true,"showVisualEffectGraphs":true,"m_FxEnabled":true},"in2DMode":false,"pivot":{"x":552.0756225585938,"y":231.53236389160157,"z":30.145233154296876},"rotation":{"x":-0.00180955755058676,"y":-0.0009028200292959809,"z":0.0000016681432271070663,"w":-0.9999978542327881},"size":270.53369140625,"orthographic":false}