{"cameraMode":{"drawMode":0,"name":"Shaded","section":"Shading Mode"},"sceneLighting":true,"audioPlay":false,"sceneViewState":{"m_AlwaysRefresh":false,"showFog":true,"showSkybox":true,"showFlares":true,"showImageEffects":true,"showParticleSystems":true,"showVisualEffectGraphs":true,"m_FxEnabled":true},"in2DMode":false,"pivot":{"x":3.6739020347595217,"y":-48.56599044799805,"z":81.16778564453125},"rotation":{"x":0.230192631483078,"y":-0.0015131833497434855,"z":0.0003989098477177322,"w":0.9733848571777344},"size":71.31228637695313,"orthographic":false}