{"cameraMode":{"drawMode":0,"name":"Shaded","section":"Shading Mode"},"sceneLighting":true,"audioPlay":false,"sceneViewState":{"m_AlwaysRefresh":false,"showFog":true,"showSkybox":true,"showFlares":true,"showImageEffects":true,"showParticleSystems":true,"showVisualEffectGraphs":true,"m_FxEnabled":true},"in2DMode":false,"pivot":{"x":-3.408750057220459,"y":-19.60276222229004,"z":62.815330505371097},"rotation":{"x":-0.16740381717681886,"y":0.036072004586458209,"z":-0.006129186134785414,"w":-0.9852093458175659},"size":43.96774673461914,"orthographic":false}