{"cameraMode":{"drawMode":0,"name":"Shaded","section":"Shading Mode"},"sceneLighting":true,"audioPlay":false,"sceneViewState":{"m_AlwaysRefresh":false,"showFog":true,"showSkybox":true,"showFlares":true,"showImageEffects":true,"showParticleSystems":true,"showVisualEffectGraphs":true,"m_FxEnabled":true},"in2DMode":false,"pivot":{"x":-13.813787460327149,"y":-30.972286224365236,"z":97.17000579833985},"rotation":{"x":-0.15929855406284333,"y":0.0556255467236042,"z":-0.009128754027187825,"w":-0.9857513308525086},"size":75.09284973144531,"orthographic":false}